Workbook

Sheet Sheet1
A3: Row Labels
A4: 2014
A5: 2015
A6: 2016
A7: 2017
A8: 2018
A9: 2019
A10: 2020
A11: 2021
A12: 2022
A13: 2023
A14: Grand Total

Sheet Films
A1: FilmID | B1: Title | C1: ReleaseYear | D1: Genre | E1: LeadActor | F1: Budget_m | G1: BoxOffice_m | H1: Viewer Rating | I1: Platform
A2: F001 | B2: Iron Sentinel | C2: 2016 | D2: Action | E2: Chris Evans | F2: 180 | G2: 585 | H2: =_xlfn.XLOOKUP(Table1[[#This Row],[Title]],Ratings!A:A,Ratings!B:B,"Not found") -> 7.8 | I2: =_xlfn.XLOOKUP(Table1[[#This Row],[Title]],Ratings!A:A,Ratings!C:C,"Not found") -> Netflix
A3: F002 | B3: Night Vigil | C3: 2018 | D3: Action | E3: Robert Downey Jr | F3: 200 | G3: 1120 | H3: =_xlfn.XLOOKUP(Table1[[#This Row],[Title]],Ratings!A:A,Ratings!B:B,"Not found") -> 8.6 | I3: =_xlfn.XLOOKUP(Table1[[#This Row],[Title]],Ratings!A:A,Ratings!C:C,"Not found") -> Disney+
A4: F003 | B4: Laughing Matters | C4: 2015 | D4: Comedy | E4: Melissa McCarthy | F4: 45 | G4: 210 | H4: =_xlfn.XLOOKUP(Table1[[#This Row],[Title]],Ratings!A:A,Ratings!B:B,"Not found") -> 6.9 | I4: =_xlfn.XLOOKUP(Table1[[#This Row],[Title]],Ratings!A:A,Ratings!C:C,"Not found") -> Amazon
A5: F004 | B5: Quantum Divide | C5: 2021 | D5: Sci-Fi | E5: Benedict Cumberbatch | F5: 165 | G5: 950 | H5: =_xlfn.XLOOKUP(Table1[[#This Row],[Title]],Ratings!A:A,Ratings!B:B,"Not found") -> 8.4 | I5: =_xlfn.XLOOKUP(Table1[[#This Row],[Title]],Ratings!A:A,Ratings!C:C,"Not found") -> Disney+
A6: F005 | B6: Broken Crown | C6: 2014 | D6: Drama | E6: Tom Hardy | F6: 35 | G6: 98 | H6: =_xlfn.XLOOKUP(Table1[[#This Row],[Title]],Ratings!A:A,Ratings!B:B,"Not found") -> 7.1 | I6: =_xlfn.XLOOKUP(Table1[[#This Row],[Title]],Ratings!A:A,Ratings!C:C,"Not found") -> Netflix
A7: F006 | B7: City of Masks | C7: 2019 | D7: Thriller | E7: Scarlett Johansson | F7: 110 | G7: 410 | H7: =_xlfn.XLOOKUP(Table1[[#This Row],[Title]],Ratings!A:A,Ratings!B:B,"Not found") -> 7.9 | I7: =_xlfn.XLOOKUP(Table1[[#This Row],[Title]],Ratings!A:A,Ratings!C:C,"Not found") -> Netflix
A8: F007 | B8: Galaxy Reborn | C8: 2022 | D8: Sci-Fi | E8: Chris Pratt | F8: 220 | G8: 1340 | H8: =_xlfn.XLOOKUP(Table1[[#This Row],[Title]],Ratings!A:A,Ratings!B:B,"Not found") -> 8.8 | I8: =_xlfn.XLOOKUP(Table1[[#This Row],[Title]],Ratings!A:A,Ratings!C:C,"Not found") -> Disney+
A9: F008 | B9: The Last Heist | C9: 2017 | D9: Crime | E9: Idris Elba | F9: 70 | G9: 305 | H9: =_xlfn.XLOOKUP(Table1[[#This Row],[Title]],Ratings!A:A,Ratings!B:B,"Not found") -> 7.3 | I9: =_xlfn.XLOOKUP(Table1[[#This Row],[Title]],Ratings!A:A,Ratings!C:C,"Not found") -> Amazon
A10: F009 | B10: Laughing Matters 2 | C10: 2020 | D10: Comedy | E10: Melissa McCarthy | F10: 60 | G10: 320 | H10: =_xlfn.XLOOKUP(Table1[[#This Row],[Title]],Ratings!A:A,Ratings!B:B,"Not found") -> 7.4 | I10: =_xlfn.XLOOKUP(Table1[[#This Row],[Title]],Ratings!A:A,Ratings!C:C,"Not found") -> Amazon
A11: F010 | B11: Iron Sentinel: Legacy | C11: 2023 | D11: Action | E11: Chris Evans | F11: 210 | G11: 880 | H11: =_xlfn.XLOOKUP(Table1[[#This Row],[Title]],Ratings!A:A,Ratings!B:B,"Not found") -> 8.1 | I11: =_xlfn.XLOOKUP(Table1[[#This Row],[Title]],Ratings!A:A,Ratings!C:C,"Not found") -> Netflix
A12: F011 | B12: Silent Harbour | C12: 2016 | D12: Drama | E12: Emily Blunt | F12: 40 | G12: 593.25 | H12: 7.6 | I12: =_xlfn.XLOOKUP(Table1[[#This Row],[Title]],Ratings!A:A,Ratings!C:C,"Not found") -> Netflix
A14: Netflix | B14: =AVERAGEIF(Table1[Platform],A14,Table1[BoxOffice_m]) -> 513.25 | C14: Count | D14: =COUNTA(Table1[BoxOffice_m]) -> 11 | E14: Sum of Box Office | F14: =SUM(Table1[BoxOffice_m]) -> 6811.25 | G14: Average Rating | H14: =AVERAGE(Table1[Viewer Rating]) -> 7.8090909
A15: Disney+ | B15: =AVERAGEIF(Table1[Platform],A15,Table1[BoxOffice_m]) -> 1136.6667 | C15: Countif | D15: =COUNTIF(Table1[Genre],"Action") -> 3 | E15: Sum of Sci-Fi | F15: =SUMIF(Table1[Genre],"Sci-Fi",Table1[BoxOffice_m]) -> 2290 | G15: Average Netflix | H15: =AVERAGEIF(Table1[Platform],"Amazon",Table1[Viewer Rating]) -> 7.2
A16: Amazon | B16: =AVERAGEIF(Table1[Platform],A16,Table1[BoxOffice_m]) -> 278.33333 | C16: Countifs | D16: =COUNTIFS(Table1[ReleaseYear],">2018",Table1[Genre],"Action") -> 1 | E16: Sum Action after 2016 | F16: =SUMIFS(Table1[BoxOffice_m],Table1[ReleaseYear],">2016",Table1[Genre],"Action") -> 2000 | G16: Av Box for Action after 2015 | I16: =AVERAGEIFS(Table1[BoxOffice_m],Table1[Genre],"Action",Table1[ReleaseYear],">2015") -> 861.66667

Sheet Ratings
A1: Title | B1: ViewerRating | C1: Platform
A2: Iron Sentinel | B2: 7.8 | C2: Netflix
A3: Night Vigil | B3: 8.6 | C3: Disney+
A4: Laughing Matters | B4: 6.9 | C4: Amazon
A5: Quantum Divide | B5: 8.4 | C5: Disney+
A6: Broken Crown | B6: 7.1 | C6: Netflix
A7: City of Masks | B7: 7.9 | C7: Netflix
A8: Galaxy Reborn | B8: 8.8 | C8: Disney+
A9: The Last Heist | B9: 7.3 | C9: Amazon
A10: Laughing Matters 2 | B10: 7.4 | C10: Amazon
A11: Iron Sentinel: Legacy | B11: 8.1 | C11: Netflix
A12: Silent Harbour | C12: Netflix

Sheet Exercises
A1: Section | B1: Question
A2: Data Blending | B2: Use a lookup to bring ViewerRating and Platform into the Films sheet using Title.
A3: Data Blending | B3: Identify which films fail to match and explain why.
A4: COUNT | B4: How many films have a recorded BoxOffice value?
A5: COUNTIF | B5: How many Action films are there?
A6: COUNTIFS | B6: How many Action films were released after 2018?
A7: SUM | B7: What is the total BoxOffice for all films?
A8: SUMIF | B8: What is the total BoxOffice for Sci-Fi films?
A9: SUMIFS | B9: What is the total BoxOffice for Action films released after 2016?
A10: AVERAGE | B10: What is the average ViewerRating across all films?
A11: AVERAGEIF | B11: What is the average ViewerRating for Netflix films?
A12: AVERAGEIFS | B12: What is the average BoxOffice for Action films released after 2015?
A13: Reflection | B13: Which data quality issues affected your answers, and how did you resolve them?
